<?xml version="1.0" encoding="UTF-8"?>
<ti:module xmlns:ti="http://ti.appcelerator.org" xmlns:android="http://schemas.android.com/apk/res/android">
	<!-- Similar to tiapp.xml, but contains module/platform specific configuration in <iphone> and <android>/<android:manifest> sections -->
	
	<android:manifest>
		<permission android:name="com.findlaw.c2dm.permission.C2D_MESSAGE" android:protectionLevel="signature" />
		<uses-permission android:name="com.findlaw.c2dm.permission.C2D_MESSAGE" />

		<!-- This app has permission to register and receive message -->
		<uses-permission android:name="com.google.android.c2dm.permission.RECEIVE" />

		<!-- Send the registration id to the server -->
		<uses-permission android:name="android.permission.INTERNET" />
		
		<!-- App must have this permission to use the library -->
		<uses-permission android:name="android.permission.WAKE_LOCK" />
		
		<application>
			   <!-- In order to use the c2dm library, an
				   application must declare a class with the name C2DMReceiver, in its 
				   own package, extending com.google.android.c2dm.C2DMBaseReceiver
				   
				   It must also include this section in the manifest, replacing 
					"com.google.android.apps.chrometophone" with its package name. 
			   -->
			<service android:name=".C2DMReceiver" />
					
			<!-- Only google service can send data messages for the app. If permission is not set -
				 any other app can generate it --> 
			<receiver android:name="com.google.android.c2dm.C2DMBroadcastReceiver" android:permission="com.google.android.c2dm.permission.SEND">
				
				<!-- Start receiver on boot -->
				<intent-filter>
					<action android:name="android.intent.action.BOOT_COMPLETED"/>
					<category android:name="android.intent.category.HOME"/>
				</intent-filter>
				
				<!-- Receive the actual message -->
				<intent-filter>
					<action android:name="com.google.android.c2dm.intent.RECEIVE" />
					<category android:name="com.findlaw.c2dm" />
				</intent-filter>
				<!-- Receive the registration id -->
				<intent-filter>
					<action android:name="com.google.android.c2dm.intent.REGISTRATION" />
					<category android:name="com.findlaw.c2dm" />
				</intent-filter>
			</receiver>

		</application>
	</android:manifest>
	
</ti:module>
